id,first_name,last_name,email,gender,ip_address
1,Curt,Allbut,callbut0@techcrunch.com,Male,64.106.73.163
2,Zerk,Naisby,znaisby1@cafepress.com,Male,92.78.27.162
3,Zorah,Laphorn,zlaphorn2@narod.ru,Female,225.235.116.206
4,Dougy,Devany,ddevany3@photobucket.com,Male,198.148.168.193
5,Trina,Galletly,tgalletly4@edublogs.org,Female,192.231.134.120
6,Phillip,Rosenvasser,prosenvasser5@photobucket.com,Male,76.20.56.239
7,Robinetta,Marritt,rmarritt6@hp.com,Female,178.181.235.108
8,Godart,Simonnet,gsimonnet7@sphinn.com,Male,250.108.26.32
9,De witt,Bathurst,dbathurst8@reuters.com,Male,165.253.26.21
10,Trina,Guinery,tguinery9@illinois.edu,Female,248.183.15.25
11,Shurwood,Ghilardini,sghilardinia@ifeng.com,Male,11.230.105.66
12,Travers,Gaynesford,tgaynesfordb@ustream.tv,Male,217.90.180.232
13,Cthrine,Patershall,cpatershallc@booking.com,Female,164.61.167.122
14,Lennard,Goulding,lgouldingd@scientificamerican.com,Male,245.111.169.176
15,Flynn,Yabsley,fyabsleye@naver.com,Male,57.22.228.156
16,Maryrose,Shulver,mshulverf@amazon.de,Female,6.202.230.117
17,Alyda,Swinn,aswinng@ucla.edu,Female,10.208.212.185
18,Piper,Amdohr,pamdohrh@tumblr.com,Female,170.145.122.249
19,Emanuel,Harkins,eharkinsi@gmpg.org,Male,103.217.28.62
20,Randi,Rosenshine,rrosenshinej@pcworld.com,Female,169.41.172.239
21,Kasey,Clohisey,kclohiseyk@alexa.com,Female,187.191.182.77
22,Cicely,Stubbings,cstubbingsl@wikipedia.org,Female,192.245.74.138
23,Lonnie,Malsher,lmalsherm@imdb.com,Female,6.186.127.168
24,Dag,Stevings,dstevingsn@geocities.jp,Male,84.230.49.144
25,Hayden,Plett,hpletto@hao123.com,Male,50.151.86.211
26,Ignace,Lutzmann,ilutzmannp@wikispaces.com,Male,6.143.160.50
27,Giulietta,Grennan,ggrennanq@un.org,Female,229.134.250.16
28,Jard,Morando,jmorandor@gnu.org,Male,208.98.231.174
29,Ketty,Combe,kcombes@digg.com,Female,111.31.25.120
30,Eleanore,Holde,eholdet@unc.edu,Female,188.99.24.252
31,Rosamund,Jenkison,rjenkisonu@si.edu,Female,108.89.31.43
32,Josephina,Hallstone,jhallstonev@com.com,Female,13.119.76.89
33,Gustaf,Mulloch,gmullochw@princeton.edu,Male,28.99.17.210
34,Robbie,Jacobbe,rjacobbex@google.pl,Female,244.237.249.98
35,Esther,Cawthron,ecawthrony@aboutads.info,Female,249.161.146.144
36,Mildred,Undy,mundyz@prnewswire.com,Female,244.177.191.203
37,Sybil,Gout,sgout10@moonfruit.com,Female,93.214.64.13
38,Engelbert,Mabbett,emabbett11@wufoo.com,Male,162.88.179.1
39,Gillan,Eustanch,geustanch12@hud.gov,Female,245.207.116.15
40,Carey,Giacobilio,cgiacobilio13@nbcnews.com,Female,253.26.23.75
41,Aloin,De Clairmont,adeclairmont14@woothemes.com,Male,158.173.18.51
42,Jule,Straker,jstraker15@plala.or.jp,Male,38.109.203.37
43,Nathanael,Giraudel,ngiraudel16@ucoz.com,Male,221.114.79.244
44,Arlina,Cullnean,acullnean17@google.ru,Female,197.221.32.139
45,Wilmette,Marval,wmarval18@hubpages.com,Female,144.165.115.242
46,Becki,Dykas,bdykas19@issuu.com,Female,111.20.199.67
47,Nomi,Manntschke,nmanntschke1a@blogs.com,Female,160.22.97.38
48,Ellwood,Moriarty,emoriarty1b@behance.net,Male,217.7.246.77
49,Samuel,Genney,sgenney1c@ox.ac.uk,Male,170.130.128.229
50,Kermie,Cranke,kcranke1d@symantec.com,Male,81.147.85.219
51,Wye,Jackett,wjackett1e@multiply.com,Male,51.135.248.99
52,Winnah,Bourner,wbourner1f@wix.com,Female,218.220.113.204
53,Lisette,McCrostie,lmccrostie1g@ox.ac.uk,Female,14.5.247.42
54,Laurella,Foli,lfoli1h@latimes.com,Female,147.202.53.54
55,Alfred,Collingridge,acollingridge1i@i2i.jp,Male,234.216.208.179
56,Carling,Symmers,csymmers1j@xing.com,Male,24.4.232.171
57,Isiahi,Dawkins,idawkins1k@nasa.gov,Male,163.97.35.162
58,Kailey,McDuall,kmcduall1l@slate.com,Female,190.95.181.138
59,Chevy,Shortt,cshortt1m@newsvine.com,Male,121.226.158.80
60,Mendy,Wood,mwood1n@msn.com,Male,49.141.39.9
61,August,Spatoni,aspatoni1o@si.edu,Male,101.151.98.75
62,Rory,Moorman,rmoorman1p@elegantthemes.com,Female,230.2.114.52
63,Roseanna,Bromley,rbromley1q@e-recht24.de,Female,21.152.239.210
64,Salvador,Byart,sbyart1r@topsy.com,Male,40.33.108.0
65,Charmaine,Morston,cmorston1s@goo.gl,Female,104.50.204.159
66,Ward,Buck,wbuck1t@nhs.uk,Male,169.192.43.43
67,Kippie,Philpott,kphilpott1u@wufoo.com,Male,183.75.247.3
68,Michael,Mitford,mmitford1v@europa.eu,Male,246.206.50.82
69,Brod,Bangley,bbangley1w@devhub.com,Male,130.54.90.57
70,Andreana,Pattie,apattie1x@woothemes.com,Female,62.173.151.179
71,Harlin,Spruce,hspruce1y@zdnet.com,Male,219.60.11.110
72,Bank,Gander,bgander1z@amazon.com,Male,156.28.91.69
73,Mariana,Tallboy,mtallboy20@wix.com,Female,127.175.147.3
74,Cristabel,Fearnyough,cfearnyough21@uol.com.br,Female,24.36.162.230
75,Deirdre,Keedwell,dkeedwell22@umn.edu,Female,158.31.81.48
76,Augusta,Claypole,aclaypole23@nifty.com,Female,132.20.162.67
77,Blayne,Dilleway,bdilleway24@instagram.com,Male,48.107.53.220
78,Alfreda,Morrice,amorrice25@xinhuanet.com,Female,30.232.137.251
79,Fairfax,Cornwall,fcornwall26@mit.edu,Male,215.126.51.210
80,Elnar,Mosey,emosey27@yale.edu,Male,45.251.64.156
81,Dinah,Calverley,dcalverley28@live.com,Female,251.141.72.196
82,Sandye,Darrigoe,sdarrigoe29@harvard.edu,Female,25.215.76.20
83,Jocelyn,Pfaffel,jpfaffel2a@cam.ac.uk,Female,24.8.155.240
84,Hilliard,Seabrook,hseabrook2b@hubpages.com,Male,63.193.174.39
85,Annalee,D'Onise,adonise2c@usda.gov,Female,35.17.116.74
86,Neville,Redshaw,nredshaw2d@cnet.com,Male,62.139.180.69
87,Averil,Savary,asavary2e@blogtalkradio.com,Male,61.30.235.87
88,Tades,Hartin,thartin2f@soup.io,Male,162.134.207.164
89,Faber,Hopewell,fhopewell2g@oaic.gov.au,Male,82.202.166.61
90,Myrtice,Rawstorn,mrawstorn2h@netvibes.com,Female,127.14.56.28
91,Devonna,Brave,dbrave2i@scientificamerican.com,Female,235.119.186.217
92,Herculie,Heal,hheal2j@shinystat.com,Male,86.125.208.26
93,Adelaide,Tinto,atinto2k@xrea.com,Female,9.97.161.161
94,Vivian,Browning,vbrowning2l@ameblo.jp,Female,53.158.173.194
95,Grata,Pullin,gpullin2m@answers.com,Female,57.142.163.255
96,Micky,Rhymer,mrhymer2n@360.cn,Female,66.217.203.213
97,Kendall,Sancias,ksancias2o@alibaba.com,Male,177.193.233.75
98,Shir,Hanssmann,shanssmann2p@ox.ac.uk,Female,161.182.92.249
99,Neysa,Waud,nwaud2q@123-reg.co.uk,Female,92.224.242.176
100,Letty,Brundale,lbrundale2r@tripod.com,Female,11.255.178.134
101,Delainey,Kleinholz,dkleinholz2s@merriam-webster.com,Male,10.206.207.140
102,Crosby,Ruste,cruste2t@nih.gov,Male,102.216.39.12
103,Luca,Turton,lturton2u@unblog.fr,Male,20.180.173.112
104,Kameko,Nizet,knizet2v@lulu.com,Female,242.140.4.180
105,Kai,Washington,kwashington2w@cbc.ca,Female,222.255.136.74
106,Ester,Rustich,erustich2x@ihg.com,Female,58.19.222.179
107,Marvin,Coggles,mcoggles2y@nsw.gov.au,Male,11.161.31.1
108,Janessa,Cestard,jcestard2z@marriott.com,Female,200.23.167.34
109,Randell,Ohms,rohms30@hostgator.com,Male,189.191.228.2
110,Beverie,Pyrton,bpyrton31@gnu.org,Female,127.216.138.155
111,Cristiano,Puffett,cpuffett32@ebay.co.uk,Male,137.12.121.155
112,Innis,Jakeman,ijakeman33@dropbox.com,Male,29.61.180.90
113,Sayres,Spadotto,sspadotto34@prweb.com,Male,80.108.109.174
114,Jecho,Durrand,jdurrand35@multiply.com,Male,68.42.88.64
115,Sybil,Lacroux,slacroux36@abc.net.au,Female,221.232.29.85
116,Baudoin,Joliffe,bjoliffe37@vkontakte.ru,Male,254.215.237.185
117,Andie,Figurski,afigurski38@disqus.com,Male,31.158.211.91
118,Marta,Lahy,mlahy39@umn.edu,Female,122.131.235.75
119,Kane,Bartkowiak,kbartkowiak3a@patch.com,Male,31.143.231.156
120,Richie,Inger,ringer3b@sina.com.cn,Male,114.203.241.102
121,Rafaelia,Ghiroldi,rghiroldi3c@themeforest.net,Female,171.160.251.239
122,Rich,Mawhinney,rmawhinney3d@deviantart.com,Male,3.71.69.154
123,Neely,Scadden,nscadden3e@jimdo.com,Female,81.100.61.173
124,Loree,Bruckmann,lbruckmann3f@jugem.jp,Female,111.104.142.29
125,Clare,Cotterrill,ccotterrill3g@wordpress.org,Female,238.29.147.238
126,Adrea,Betteson,abetteson3h@ehow.com,Female,172.101.255.191
127,Aristotle,Fright,afright3i@com.com,Male,247.105.88.75
128,Marjorie,Dionsetto,mdionsetto3j@bandcamp.com,Female,236.136.43.52
129,Hastie,Arangy,harangy3k@hhs.gov,Male,248.235.227.247
130,Raimondo,Cust,rcust3l@mediafire.com,Male,235.225.161.37
131,Hobard,McGeechan,hmcgeechan3m@tuttocitta.it,Male,38.191.23.183
132,Samuel,Meatyard,smeatyard3n@java.com,Male,13.73.141.27
133,Felicia,Cruddas,fcruddas3o@cdbaby.com,Female,183.191.129.146
134,Tabina,Hutable,thutable3p@jiathis.com,Female,125.198.216.16
135,Ariel,Blackborne,ablackborne3q@census.gov,Female,247.200.198.156
136,Davey,Geldard,dgeldard3r@uol.com.br,Male,186.19.165.65
137,Hersh,Linnock,hlinnock3s@washingtonpost.com,Male,92.45.200.51
138,Nealon,Badman,nbadman3t@miibeian.gov.cn,Male,203.128.225.191
139,Waylan,Giacopini,wgiacopini3u@umn.edu,Male,209.189.215.180
140,Donnie,Asif,dasif3v@wp.com,Female,80.29.178.221
141,Gavra,Schruur,gschruur3w@usatoday.com,Female,172.31.134.185
142,Saundra,Akett,sakett3x@gravatar.com,Male,136.210.102.87
143,Juana,Wilson,jwilson3y@yellowbook.com,Female,101.199.12.105
144,Ring,Fussen,rfussen3z@myspace.com,Male,51.88.173.106
145,Madella,Bailie,mbailie40@twitpic.com,Female,218.12.111.104
146,Neilla,Roadnight,nroadnight41@trellian.com,Female,34.214.32.91
147,Hedvig,Coventry,hcoventry42@ezinearticles.com,Female,60.255.138.128
148,Gerri,Studdeard,gstuddeard43@com.com,Female,72.123.157.53
149,Cassondra,Cyster,ccyster44@forbes.com,Female,199.174.128.24
150,Andie,Sallinger,asallinger45@redcross.org,Male,213.189.72.160
151,Bevan,Garza,bgarza46@weather.com,Male,246.78.118.186
152,Joela,Zipsell,jzipsell47@oaic.gov.au,Female,148.84.161.104
153,Wilek,Libbie,wlibbie48@nature.com,Male,98.38.119.186
154,Mohandis,Tuminelli,mtuminelli49@slideshare.net,Male,38.159.245.227
155,Allix,Giorgione,agiorgione4a@php.net,Female,46.120.35.49
156,Dix,Alejandri,dalejandri4b@cnet.com,Female,250.228.194.129
157,Elwood,Burgott,eburgott4c@about.com,Male,189.144.130.213
158,Padraig,Douthwaite,pdouthwaite4d@umn.edu,Male,139.117.166.192
159,Faber,Damrell,fdamrell4e@yandex.ru,Male,8.239.153.133
160,Locke,Matelaitis,lmatelaitis4f@webnode.com,Male,114.33.122.147
161,Carver,Rimer,crimer4g@gravatar.com,Male,111.212.236.98
162,Allan,Boylan,aboylan4h@accuweather.com,Male,56.59.39.58
163,Duff,Baccus,dbaccus4i@ed.gov,Male,212.137.237.217
164,Ximenez,Stollwerk,xstollwerk4j@bing.com,Male,221.236.77.150
165,Riannon,Luney,rluney4k@naver.com,Female,128.112.104.57
166,Correna,Georgiev,cgeorgiev4l@shutterfly.com,Female,21.246.18.217
167,Leena,Jackling,ljackling4m@dropbox.com,Female,8.137.45.157
168,Netty,Ollerhead,nollerhead4n@delicious.com,Female,85.206.204.253
169,Mignonne,Peeke-Vout,mpeekevout4o@google.ca,Female,230.38.165.188
170,Sunshine,Scamadine,sscamadine4p@xrea.com,Female,67.177.75.73
171,Jessy,Kennelly,jkennelly4q@foxnews.com,Female,122.22.23.150
172,Rodi,Copeman,rcopeman4r@abc.net.au,Female,213.80.159.136
173,Gunther,Pettitt,gpettitt4s@msu.edu,Male,136.71.240.254
174,Bibby,Breeds,bbreeds4t@cloudflare.com,Female,198.147.23.90
175,Holly,De Bischof,hdebischof4u@netvibes.com,Female,250.150.196.157
176,Cloe,Dumberell,cdumberell4v@spiegel.de,Female,61.96.71.43
177,Roldan,Redier,rredier4w@stanford.edu,Male,189.199.11.160
178,Rafe,Minichi,rminichi4x@baidu.com,Male,109.37.53.36
179,Von,Bier,vbier4y@dagondesign.com,Male,48.88.191.52
180,Siusan,Braunston,sbraunston4z@devhub.com,Female,45.29.90.70
181,Timothy,Sousa,tsousa50@ucoz.ru,Male,232.66.207.161
182,Niccolo,Mundle,nmundle51@histats.com,Male,238.138.75.221
183,Sibelle,Amber,samber52@newsvine.com,Female,187.146.23.226
184,Isac,Hands,ihands53@sakura.ne.jp,Male,152.155.42.227
185,Kathrine,Markie,kmarkie54@state.gov,Female,142.151.64.61
186,Micaela,Garrand,mgarrand55@bbc.co.uk,Female,131.143.71.41
187,Annamaria,Plevin,aplevin56@hatena.ne.jp,Female,56.18.28.66
188,Sandy,Tremblet,stremblet57@seattletimes.com,Male,135.130.155.80
189,Friederike,Fulleylove,ffulleylove58@tripod.com,Female,13.163.137.89
190,Melisse,Sneath,msneath59@ucoz.com,Female,25.87.148.246
191,Lily,Deeson,ldeeson5a@techcrunch.com,Female,98.110.43.202
192,Elton,Fidele,efidele5b@icq.com,Male,243.32.51.25
193,Antonetta,Hibbart,ahibbart5c@youtu.be,Female,101.114.170.203
194,Byrann,Candish,bcandish5d@youku.com,Male,68.228.217.143
195,Hubert,Ringer,hringer5e@google.pl,Male,75.60.186.146
196,Ephrayim,Bucklan,ebucklan5f@1und1.de,Male,221.23.146.140
197,Claire,Hulles,chulles5g@goo.ne.jp,Male,27.114.83.42
198,Annabella,Lys,alys5h@goo.ne.jp,Female,204.41.170.41
199,Pooh,Zuanazzi,pzuanazzi5i@symantec.com,Male,79.5.206.82
200,Esra,Treven,etreven5j@goo.ne.jp,Male,182.94.242.10
